{"cameraMode":{"drawMode":0,"name":"Shaded","section":"Shading Mode"},"sceneLighting":false,"audioPlay":false,"sceneViewState":{"showFog":true,"showMaterialUpdate":false,"showSkybox":false,"showFlares":true,"showImageEffects":true,"showParticleSystems":true},"in2DMode":false,"pivot":{"x":0.050999999046325687,"y":0.10999999940395355,"z":0.0},"rotation":{"x":0.07383181899785996,"y":-0.6916583776473999,"z":0.0714147686958313,"w":0.7149044871330261},"size":0.3947261571884155,"orthographic":true}