{"cameraMode":{"drawMode":0,"name":"Shaded","section":"Shading Mode"},"sceneLighting":false,"audioPlay":false,"sceneViewState":{"showFog":true,"showMaterialUpdate":false,"showSkybox":false,"showFlares":true,"showImageEffects":true,"showParticleSystems":true},"in2DMode":false,"pivot":{"x":-4.789999961853027,"y":0.5099999904632568,"z":0.0},"rotation":{"x":-0.0200425423681736,"y":-0.7027841806411743,"z":-0.01981925405561924,"w":0.7108535170555115},"size":0.22247116267681123,"orthographic":true}