{"cameraMode":{"drawMode":0,"name":"Shaded","section":"Shading Mode"},"sceneLighting":false,"audioPlay":false,"sceneViewState":{"showFog":true,"showMaterialUpdate":false,"showSkybox":false,"showFlares":true,"showImageEffects":true,"showParticleSystems":true},"in2DMode":false,"pivot":{"x":6.088137626647949,"y":-2.7698020935058595,"z":-4.155826568603516},"rotation":{"x":0.3815552890300751,"y":0.29854732751846316,"z":-0.13171550631523133,"w":0.8648393750190735},"size":7.54823637008667,"orthographic":true}