{"cameraMode":{"drawMode":0,"name":"Shaded","section":"Shading Mode"},"sceneLighting":false,"audioPlay":false,"sceneViewState":{"showFog":true,"showMaterialUpdate":false,"showSkybox":false,"showFlares":true,"showImageEffects":true,"showParticleSystems":true},"in2DMode":false,"pivot":{"x":-0.096893310546875,"y":0.1929469108581543,"z":-0.2916231155395508},"rotation":{"x":-0.24174796044826508,"y":-0.05034209415316582,"z":0.012561467476189137,"w":-0.968963086605072},"size":1.1242486238479615,"orthographic":true}