{"cameraMode":{"drawMode":0,"name":"Shaded","section":"Shading Mode"},"sceneLighting":false,"audioPlay":false,"sceneViewState":{"showFog":true,"showMaterialUpdate":false,"showSkybox":false,"showFlares":true,"showImageEffects":true,"showParticleSystems":true},"in2DMode":false,"pivot":{"x":0.0029633119702339174,"y":0.10061468183994293,"z":0.0},"rotation":{"x":0.07967715710401535,"y":-0.9153702855110169,"z":0.3243153393268585,"w":0.22488732635974885},"size":0.5497736930847168,"orthographic":true}