{"cameraMode":{"drawMode":0,"name":"Shaded","section":"Shading Mode"},"sceneLighting":false,"audioPlay":false,"sceneViewState":{"showFog":true,"showMaterialUpdate":false,"showSkybox":false,"showFlares":true,"showImageEffects":true,"showParticleSystems":true},"in2DMode":false,"pivot":{"x":35.680545806884769,"y":9.097278594970704,"z":32.32749557495117},"rotation":{"x":0.17693015933036805,"y":-0.018882421776652337,"z":0.0033944586757570507,"w":0.9840392470359802},"size":59.59012222290039,"orthographic":true}