{"cameraMode":{"drawMode":0,"name":"Shaded","section":"Shading Mode"},"sceneLighting":false,"audioPlay":false,"sceneViewState":{"showFog":true,"showMaterialUpdate":false,"showSkybox":false,"showFlares":true,"showImageEffects":true,"showParticleSystems":true},"in2DMode":false,"pivot":{"x":-0.25604334473609927,"y":0.12474250793457031,"z":0.08921538293361664},"rotation":{"x":0.059591326862573627,"y":0.7205547094345093,"z":-0.06240982562303543,"w":0.6880082488059998},"size":0.4904337525367737,"orthographic":true}