{"cameraMode":{"drawMode":0,"name":"Shaded","section":"Shading Mode"},"sceneLighting":false,"audioPlay":false,"sceneViewState":{"showFog":true,"showMaterialUpdate":false,"showSkybox":false,"showFlares":true,"showImageEffects":true,"showParticleSystems":true},"in2DMode":false,"pivot":{"x":-31.58100700378418,"y":18.750579833984376,"z":-63.848976135253909},"rotation":{"x":0.17904536426067353,"y":-0.4650959074497223,"z":0.09665406495332718,"w":0.8615642189979553},"size":30.806058883666993,"orthographic":true}