{"cameraMode":{"drawMode":0,"name":"Shaded","section":"Shading Mode"},"sceneLighting":false,"audioPlay":false,"sceneViewState":{"showFog":true,"showMaterialUpdate":false,"showSkybox":false,"showFlares":true,"showImageEffects":true,"showParticleSystems":true},"in2DMode":false,"pivot":{"x":167.0071258544922,"y":9.873636245727539,"z":255.87310791015626},"rotation":{"x":0.07576177269220352,"y":0.7199018001556397,"z":-0.07958438992500305,"w":0.6853227615356445},"size":12.441186904907227,"orthographic":true}