{"cameraMode":{"drawMode":0,"name":"Shaded","section":"Shading Mode"},"sceneLighting":true,"audioPlay":false,"sceneViewState":{"showFog":true,"showMaterialUpdate":false,"showSkybox":false,"showFlares":true,"showImageEffects":true,"showParticleSystems":true},"in2DMode":false,"pivot":{"x":563.742431640625,"y":6.294183731079102,"z":432.34375},"rotation":{"x":-0.05586005374789238,"y":-0.48329564929008486,"z":0.030944932252168657,"w":-0.8731838464736939},"size":2.454068660736084,"orthographic":true}