{"cameraMode":{"drawMode":0,"name":"Shaded","section":"Shading Mode"},"sceneLighting":false,"audioPlay":false,"sceneViewState":{"showFog":true,"showMaterialUpdate":false,"showSkybox":false,"showFlares":true,"showImageEffects":true,"showParticleSystems":true},"in2DMode":false,"pivot":{"x":4.309999942779541,"y":0.0,"z":1.649999976158142},"rotation":{"x":-0.015306906774640084,"y":-0.9825215935707092,"z":0.09401573240756989,"w":-0.1599593311548233},"size":10.741006851196289,"orthographic":true}