{"cameraMode":{"drawMode":0,"name":"Shaded","section":"Shading Mode"},"sceneLighting":false,"audioPlay":false,"sceneViewState":{"showFog":true,"showMaterialUpdate":false,"showSkybox":false,"showFlares":true,"showImageEffects":true,"showParticleSystems":true},"in2DMode":false,"pivot":{"x":680.7653198242188,"y":16.969987869262697,"z":434.8543395996094},"rotation":{"x":-0.06281888484954834,"y":-0.8395856022834778,"z":0.09944625943899155,"w":-0.5303497910499573},"size":8.591392517089844,"orthographic":true}