{"cameraMode":{"drawMode":0,"name":"Shaded","section":"Shading Mode"},"sceneLighting":false,"audioPlay":false,"sceneViewState":{"showFog":true,"showMaterialUpdate":false,"showSkybox":false,"showFlares":true,"showImageEffects":true,"showParticleSystems":true},"in2DMode":false,"pivot":{"x":176.59310913085938,"y":13.327411651611329,"z":228.79811096191407},"rotation":{"x":0.04816225916147232,"y":0.7573869228363037,"z":-0.05622674152255058,"w":0.6487552523612976},"size":23.527202606201173,"orthographic":true}